{"epoch": 10000, "val_loss": 1.6121151447296143, "train_loss": 1.0856882284084957, "lr": 0.09999975350682884, "_timestamp": 1683611318.9709325, "_runtime": 1641.9630954265594, "_step": 9999, "_wandb": {"runtime": 1641}}