{"epoch": 10000, "val_loss": 3.7915965716044107, "train_loss": 1.0270934800306957, "lr": 0.0999990140297668, "_timestamp": 1683607418.7932723, "_runtime": 1403.7042412757874, "_step": 9999, "_wandb": {"runtime": 1403}}