{"epoch": 100, "val_loss": 0.3616471290588379, "train_loss": 2.1944372355937958, "lr": 0.09064407351343301, "_timestamp": 1683605583.1587653, "_runtime": 21.52254819869995, "_step": 99, "_wandb": {"runtime": 21}}