{"epoch": 100, "val_loss": 4.242397308349609, "train_loss": 2.0164844629665217, "lr": 0.08347245409015025, "_timestamp": 1683604691.23265, "_runtime": 21.625232934951782, "_step": 99, "_wandb": {"runtime": 21}}