{"epoch": 10000, "val_loss": 5.051538944244385, "train_loss": 1.1129645829399426, "lr": 0.0999990140297668, "_timestamp": 1683607236.7116625, "_runtime": 1491.7143394947052, "_step": 9999, "_wandb": {"runtime": 1491}}