{"epoch": 257, "val_loss": 0.8664578795433044, "train_loss": 0.7835399669905504, "lr": 0.04816737537563676, "_timestamp": 1683605520.925046, "_runtime": 43.24093699455261, "_step": 256, "_wandb": {"runtime": 42}}