{"epoch": 10000, "val_loss": 0.718284527460734, "train_loss": 0.809794786075751, "lr": 0.09999975350682884, "_timestamp": 1683611352.3515182, "_runtime": 1640.5538251399994, "_step": 9999, "_wandb": {"runtime": 1640}}