{"epoch": 5000, "val_loss": 0.32682615518569946, "train_loss": 0.06964103039354086, "lr": 0.009092562284051647, "_timestamp": 1683604414.5510778, "_runtime": 695.299017906189, "_step": 4999, "_wandb": {"runtime": 694}}