{"epoch": 10000, "val_loss": 11.371904691060385, "train_loss": 0.5972506056229273, "lr": 0.0999990140297668, "_timestamp": 1683607171.043623, "_runtime": 1536.9055469036102, "_step": 9999, "_wandb": {"runtime": 1536}}