{"epoch": 10000, "val_loss": 0.01756453576187293, "train_loss": 0.0024210172123275697, "lr": 0.09999975350682884, "_timestamp": 1683611275.9957836, "_runtime": 1636.472948551178, "_step": 9999, "_wandb": {"runtime": 1635}}