{"epoch": 100, "val_loss": 0.4447534680366516, "train_loss": 0.47380881011486053, "lr": 0.09064407351343301, "_timestamp": 1683609462.3395681, "_runtime": 22.188151121139526, "_step": 99, "_wandb": {"runtime": 21}}